0.002130529,-0.1470065,-0.17896444
0.45968673,2.6611552,9.223662
0.018109497,-0.13315806,-0.1587244
1.721431,2.7497406,8.2995
0.02876214,-0.08841695,-0.13954964
0.5770026,3.2273839,8.977059
0.00958738,-0.11611383,-0.16618125
-0.31124622,2.8491,9.193734
0.007456851,-0.15339808,-0.18429075
0.91458505,2.6659436,9.17099
0.011717909,-0.12037488,-0.13209279
0.6368576,3.4620156,9.216479
0.005326322,-0.07989483,-0.13315806
1.0163386,4.048595,9.076419
0.006391587,-0.05752428,-0.12144015
1.6771383,3.4691982,8.135497
0.007456851,-0.043675844,-0.13209279
0.36032736,2.1859062,8.51857
-0.02130529,-0.10013486,-0.18535602
-0.5231331,1.5310919,9.314642
-0.027696876,-0.11611383,-0.16192019
0.31244332,1.8375498,9.247604
-0.004261058,-0.09161274,-0.10333065
1.0510546,2.837129,9.0716305
0.010652645,-0.07243799,-0.09161274
1.7357962,3.156755,8.580819
0.011717909,-0.02876214,-0.101200126
0.40701428,2.9257145,8.63828
0,-0.03834952,-0.14913702
-0.92895025,2.7102363,8.743625
0,-0.07137272,-0.1587244
0.7182605,2.4528596,7.8027034
-0.006391587,-0.07243799,-0.099069595
1.340753,2.882619,8.9842415
-0.049002163,-0.14594123,-0.101200126
0.59615624,3.3147724,10.493786
-0.056459017,-0.18535602,-0.13422333
1.6567876,2.6036944,10.299856
-0.025566347,-0.14274544,-0.1257012
1.0019734,2.1404164,10.414778
-0.02130529,-0.08522116,-0.14913702
-0.08499416,2.372654,10.013748
-0.00958738,0.01917476,-0.13209279
0.6344634,1.8231846,8.935161
0.005326322,0.034088463,-0.10865697
-0.6823475,1.9488802,9.139865
-0.006391587,-0.051132694,-0.13315806
-0.60333884,1.9153614,9.576807
-0.017044231,-0.10333065,-0.10013486
0.6811504,1.6232687,10.13705
-0.02876214,-0.13315806,-0.07563378
-0.10654198,2.8048072,11.264719
-0.023435818,-0.112918034,-0.07669904
1.3096284,2.7844565,10.149021
0.015978966,-0.033023197,-0.04474111
1.2940661,2.110489,9.662998
0.013848438,-0.012783174,-0.083090626
-0.8882488,2.4528596,9.726444
0.006391587,0.020240024,-0.0958738
0.93254155,1.4975731,8.549694
0.015978966,0.005326322,-0.051132694
0.89662856,1.7812861,8.475474
0.005326322,-0.02876214,-0.060720075
0.89662856,1.7812861,8.475474
0.005326322,-0.02876214,-0.060720075
-0.23582886,3.2237926,9.095572
0,-0.034088463,-0.049002163
1.7142484,2.4648306,8.24204
0.004261058,-0.05965481,-0.039414786
0.7374141,2.2541409,8.99741
-0.023435818,-0.096939065,-0.080960095
-0.7314286,2.7641058,10.356119
-0.035153728,-0.10226539,-0.07350325
1.3982137,1.9333179,9.832987
-0.010652645,-0.07882957,-0.034088463
0.89064306,2.207454,9.866506
-0.008522116,-0.033023197,-0.05539375
-0.38067806,3.0585926,9.794679
0.004261058,0.023435818,-0.04580637
1.3132197,2.0458453,8.514978
0.023435818,0.01917476,-0.036218993
-0.011971008,2.5605986,8.1797905
0.013848438,0.035153728,-0.053263225
-0.33997664,3.0550013,8.117541
0.004261058,0.03195793,-0.03195793
1.4281414,1.7106571,6.241684
-0.005326322,-0.03195793,-0.024501082
0.36511576,1.42455,9.4295635
-0.09374327,-0.32170987,-0.07243799
-0.4381389,1.0283096,14.717158
-0.13954964,-0.5784386,-0.08522116
1.4580688,0.21428105,19.334375
-0.09161274,-0.5901565,-0.05006743
1.6124948,1.234211,21.355082
0.027696876,-0.25992453,-0.02130529
2.6144683,1.8830396,18.400637
0.20879184,0.22903186,0.015978966
1.5885528,1.6723499,12.592304
0.35260254,0.5475459,-0.024501082
-1.1468226,1.7944542,7.357382
0.39095205,0.56672066,-0.049002163
-0.700304,1.1372458,4.331111
0.32384038,0.3110572,-0.022370555
0.17597382,1.2892777,4.8099513
0.19281286,-0.05965481,-0.014913702
1.3838485,1.9656396,10.089166
0.07243799,-0.45806372,-0.018109497
2.2649148,1.7142484,15.437813
0.05752428,-0.61678815,-0.056459017
2.7401638,1.3467385,18.856733
0.14487597,-0.4250405,-0.070307456
1.8207904,2.3211784,18.193539
0.3057309,0.053263225,-0.05006743
2.2290018,3.669114,12.496535
0.48043427,0.5411543,0.001065265
2.4289176,4.894945,4.879383
0.56245965,0.7680557,0.004261058
0.45489833,5.3199162,0.5734113
0.49534798,0.59867865,-0.060720075
-0.700304,3.8355112,-0.48722005
0.34194988,0.16937704,-0.12250541
0.03232172,2.6204538,2.231396
0.1736381,-0.29933932,-0.11611383
0.2717419,3.3435028,8.435969
0.054328486,-0.63702816,-0.101200126
0.2717419,3.3435028,8.435969
0.054328486,-0.63702816,-0.101200126
2.542642,3.4979286,13.364434
0.05006743,-0.680704,-0.09054748
1.0067618,3.2932243,16.22311
0.23755397,-0.06924219,-0.15659387
1.0067618,3.2932243,16.22311
0.23755397,-0.06924219,-0.15659387
0.58538234,2.4887726,12.142194
0.37603834,0.26205507,-0.12783173
0.8571242,3.0789435,7.7548194
0.4282363,0.3834952,-0.07669904
-0.30645782,4.2760444,5.734113
0.38456047,0.23116238,-0.0958738
1.2880806,3.942053,5.9771247
0.30360037,-0.05965481,-0.098004326
0.8523358,3.1962593,8.743625
0.22583607,-0.28975195,-0.14913702
-0.093373865,2.657564,11.680113
0.21092236,-0.34514567,-0.16618125
2.469619,2.44448,12.357672
0.26205507,-0.1768339,-0.082025364
1.8171991,3.157952,12.064383
0.31638354,0.026631612,-0.10652645
0.6811504,3.265691,10.29387
0.37923414,0.1768339,-0.1257012
0.5398925,2.554613,7.5225816
0.42077947,0.24394555,-0.11717909
-1.6795325,2.493561,5.5461683
0.40586576,0.20133498,-0.14274544
-0.12689269,3.015497,4.6950297
0.36112466,0.07669904,-0.06178534
1.8375498,3.6643257,5.457583
0.30253512,-0.08948222,-0.054328486
0.62368953,4.1838675,7.726089
0.26205507,-0.20453078,-0.12250541
0.61291564,3.3387144,8.25401
0.27483824,-0.16298546,-0.12144015
0.94451255,2.4791958,7.8469963
0.28655612,-0.06178534,-0.11930962
0.46926352,3.8774097,7.8027034
0.29933932,0.054328486,-0.07882957
1.1827357,5.033809,5.997475
0.3323625,0.12996227,-0.054328486
1.352724,4.6806645,4.0497923
0.31851408,0.12996227,-0.09267801
-0.031124622,4.2521024,3.7074213
0.25353295,0.0628506,-0.12676647
0.027533319,3.8043866,4.343082
0.18961707,-0.06711166,-0.10759171
0.027533319,3.8043866,4.343082
0.18961707,-0.06711166,-0.10759171
0.39384618,3.503914,5.7508726
0.14807177,-0.1768339,-0.101200126
0.6775591,3.4237084,6.645107
0.13209279,-0.1555286,-0.096939065
2.0147207,2.634819,6.931214
0.128897,-0.060720075,-0.08628642
0.4321534,2.2601264,6.669049
0.14807177,0.040480047,-0.12037488
-0.7350199,2.4037786,5.568913
0.18002969,0.07243799,-0.096939065
0.44651863,2.1392193,4.0581717
0.16724652,0.041545313,-0.0628506
0.11731588,3.0681696,4.31076
0.10013486,-0.007456851,-0.05539375
0.89423436,3.5170822,5.66109
0.03834952,-0.111852765,-0.046871636
1.9692309,2.815581,6.8522053
0.012783174,-0.18535602,-0.068176925
0.70509243,2.2816741,7.8469963
0.001065265,-0.15659387,-0.10439592
0.6380547,1.4137762,8.449138
-0.004261058,-0.0958738,-0.08948222
1.4748282,1.1803415,8.520964
0.002130529,-0.003195793,-0.053263225
1.4449008,1.70946,5.6431336
0.051132694,0.15978967,-0.06178534
1.0402806,1.412579,4.960786
0.008522116,0.111852765,-0.07882957
-0.59017074,1.7274165,5.9364233
-0.043675844,0.00958738,-0.094808534
0.20111294,1.1839328,6.3302693
-0.0628506,-0.07137272,-0.07563378
0.9636662,1.5035586,7.2939353
-0.09054748,-0.08522116,-0.054328486
0.61171854,2.3546975,8.280347
-0.10013486,-0.023435818,-0.054328486
0.82719666,1.9488802,7.5644803
-0.083090626,0.058589544,-0.06498113
-0.2705448,1.697489,6.76362
-0.07350325,0.12037488,-0.082025364
-0.4321534,1.6436194,5.1487308
-0.07989483,0.18748654,-0.05539375
0.18435353,1.2090719,3.643975
-0.11717909,0.16298546,-0.043675844
-1.13964,1.9967642,4.3514614
-0.17576863,0.033023197,-0.05539375
-1.13964,1.9967642,4.3514614
-0.17576863,0.033023197,-0.05539375
-0.45010993,1.6783354,5.4922986
-0.2130529,-0.099069595,-0.035153728
-0.5243302,1.2545617,6.051345
-0.24501082,-0.11717909,-0.04474111
-0.45370123,2.36188,7.5704656
-0.28336033,-0.082025364,0.005326322
1.3371617,2.8119898,7.9954367
-0.29188246,-0.060720075,0.023435818
0.8367735,2.6551697,8.208521
-0.28975195,-0.03089267,-0.02130529
-0.94331545,2.019509,8.067263
-0.294013,-0.002130529,-0.054328486
0.12210429,0.9947908,7.869741
-0.30999196,-0.006391587,-0.010652645
0.18914193,1.0726024,8.304289
-0.3291667,-0.022370555,-0.001065265
-0.23942018,1.8076223,8.930372
-0.32384038,-0.06178534,0.010652645
1.2653356,1.5179238,9.179369
-0.3206446,-0.12144015,0.020240024
0.8379706,1.4041992,10.160992
-0.3323625,-0.11611383,-0.005326322
0.049081136,1.8435353,11.010934
-0.32810146,-0.080960095,0.002130529
1.9285295,1.9393034,11.158177
-0.29614353,-0.05752428,0.03834952
1.9165585,2.31639,10.350134
-0.27377295,0.006391587,0.014913702
1.471237,2.7497406,10.307038
-0.27164245,0.003195793,-0.004261058
2.1691468,2.7760768,10.177752
-0.26631612,-0.024501082,-0.005326322
2.5222914,2.7353754,9.94312
-0.26205507,-0.015978966,-0.020240024
1.9333179,2.932897,9.713276
-0.2609898,0.004261058,-0.04580637
2.3750482,3.098097,9.300277
-0.24927188,0.039414786,-0.035153728
2.2661119,3.5422213,7.833828
-0.23648871,0.11504856,-0.049002163
2.5103204,3.3399115,6.196194
-0.25566345,0.14913702,-0.06178534
1.7549498,3.145981,5.771223
-0.30146983,0.08628642,-0.09374327
0.7410054,2.4612393,6.2644286
-0.3355583,-0.008522116,-0.11717909
0.1436521,1.8207904,6.194997
-0.36005938,-0.051132694,-0.11504856
0.1436521,1.8207904,6.194997
-0.36005938,-0.051132694,-0.11504856
1.1133038,2.2038627,7.2939353
-0.40053943,-0.098004326,-0.06391586
0.78769237,1.9560628,10.596737
-0.4282363,-0.20133498,-0.113983296
-0.6823475,1.0295067,12.306197
-0.4165184,-0.23755397,-0.13741912
-1.1779473,1.5634137,14.8117285
-0.3888215,-0.27696875,-0.08735169
0.2885013,2.9041667,16.324863
-0.3291667,-0.2396845,-0.023435818
1.3251907,4.9176903,16.372747
-0.257794,-0.06711166,0.004261058
3.156755,4.7548847,9.680955
-0.16937704,0.4101268,-0.043675844
1.377863,3.3375173,5.861006
-0.18642128,0.47830373,-0.10546118
0.32202014,2.1511903,2.1894975
-0.2247708,0.37710363,-0.096939065
1.0199299,0.61770403,1.5765818
-0.3472762,0.03195793,-0.096939065
-0.1316811,0.50038815,5.353435
-0.51771855,-0.37071204,-0.111852765
1.2126632,-0.4261679,12.437878
-0.6327671,-0.7233146,-0.10546118
1.7142484,-1.6005238,18.681955
-0.62531024,-0.7680557,-0.13741912
0.35673606,-1.2162545,22.383392
-0.5070659,-0.52837116,-0.13848437
0.80804306,-1.1264719,21.29762
-0.31318775,-0.13954964,-0.09267801
0.770933,-0.2908955,16.571466
-0.17257284,0.3057309,-0.03834952
0.24420857,1.9357121,12.904747
-0.15126756,0.45060685,-0.014913702
1.5215151,3.204639,9.6845455
-0.16618125,0.3653857,0.005326322
2.2254105,2.730587,7.3226657
-0.2428803,0.16298546,-0.05752428
2.3307555,0.961272,9.106346
-0.37284255,-0.07563378,-0.11717909
1.292869,-1.7549498,11.496957
-0.4314321,-0.18642128,-0.17470337
-0.6428431,-2.9125464,13.321339
-0.39095205,-0.19813919,-0.15339808
-1.6795325,-1.9357121,14.863204
-0.31957933,-0.17044231,-0.08522116
-0.5758055,0.25378537,14.481329
-0.24927188,0.03195793,0.011717909
-0.39025488,2.6731262,11.991359
-0.18961707,0.25566345,0.035153728
-0.39624038,3.596091,9.337387
-0.17044231,0.23435818,0.007456851
-0.38187516,3.0621839,8.109161
-0.19813919,0.036218993,-0.025566347
-1.8818425,2.942474,9.28232
-0.25246766,-0.15126756,-0.053263225
-1.8818425,2.942474,9.28232
-0.25246766,-0.15126756,-0.053263225
-0.107739076,2.9628246,9.409213
-0.27377295,-0.20240025,0.006391587
3.4488475,3.5446155,10.175357
-0.2908172,-0.21411815,0.0479369
2.3953989,4.620809,11.2312
-0.28336033,-0.14913702,-0.026631612
1.2964603,3.6954503,10.067618
-0.22690132,0.01917476,-0.07350325
0.4357447,2.4791958,7.004237
-0.19707392,0.18109496,-0.07243799
-0.89423436,3.4380736,6.1123967
-0.23329292,0.13635385,-0.043675844
0.16280572,4.435259,6.133945
-0.2727077,-0.03195793,-0.012783174
1.9189527,4.331111,6.870162
-0.314253,-0.2034655,-0.036218993
1.7717092,3.7301662,9.519346
-0.36218992,-0.34194988,-0.101200126
1.3383588,2.7844565,12.060791
-0.35260254,-0.36112466,-0.12783173
1.6460136,2.3331497,12.884397
-0.28016454,-0.21944448,-0.10865697
2.0937295,2.7090392,11.116279
-0.19707392,0.037284255,-0.08522116
2.4648306,3.3734303,8.431181
-0.1555286,0.21198763,-0.082025364
1.5849615,3.9001546,6.566098
-0.15126756,0.1949434,-0.12144015
0.6548142,3.4859576,5.2648497
-0.17257284,0.06924219,-0.15446335
0.7673417,2.967613,5.3618145
-0.23009712,-0.080960095,-0.15339808
1.0295067,3.333926,7.323863
-0.2908172,-0.20772657,-0.13528858
1.4077905,3.3566709,9.3733
-0.30360037,-0.27164245,-0.14274544
1.4077905,3.3566709,9.3733
-0.30360037,-0.27164245,-0.14274544
1.8124107,2.754529,10.134656
-0.2727077,-0.18961707,-0.14594123
0.91697925,2.0817583,9.464279
-0.23116238,-0.015978966,-0.15765914
-0.02873042,1.5466543,7.8050976
-0.19387813,0.12783173,-0.14168017
-0.5243302,1.6567876,5.577293
-0.18002969,0.1555286,-0.10865697
-0.5243302,1.6567876,5.577293
-0.18002969,0.1555286,-0.10865697
-0.079008654,1.8243817,4.853047
-0.21092236,0.025566347,-0.083090626
-0.1592144,1.6436194,5.6551046
-0.27164245,-0.15978967,-0.09054748
-0.11492168,1.0534488,8.653842
-0.3270362,-0.3536678,-0.096939065
0.51834464,0.6464345,11.699266
-0.32170987,-0.4133226,-0.0777643
1.5466543,0.93972415,13.212402
-0.25566345,-0.294013,-0.041545313
2.4779987,1.6412252,13.00291
-0.17044231,-0.09267801,-0.023435818
2.6970682,1.673547,11.385626
-0.09374327,0.0958738,-0.046871636
1.5406688,1.1707647,8.65025
-0.029827405,0.23009712,-0.084155895
1.5406688,1.1707647,8.65025
-0.029827405,0.23009712,-0.084155895
0.44771573,1.2737153,5.913678
0.001065265,0.24074976,-0.0777643
0.7386112,1.9895816,4.373009
-0.020240024,0.1107875,-0.05539375
1.8028339,2.5558102,4.6722846
-0.082025364,-0.07137272,-0.05965481
1.9069817,2.8538885,6.4487824
-0.13741912,-0.20879184,-0.09267801
1.5514427,2.6850972,8.683769
-0.1555286,-0.29614353,-0.12676647
1.4808137,2.3762453,10.451887
-0.13422333,-0.28336033,-0.13741912
1.2593501,2.5270798,10.808623
-0.09161274,-0.13422333,-0.128897
1.484405,2.8658595,9.892841
-0.04474111,0.036218993,-0.112918034
1.3359646,2.8311436,8.1163435
-0.008522116,0.1257012,-0.12144015
0.06464344,2.4708161,6.9719152
-0.003195793,0.08841695,-0.15765914
-0.58538234,1.8746599,6.5206084
-0.018109497,-0.011717909,-0.15765914
-0.5674258,1.9213469,7.48188
-0.049002163,-0.13422333,-0.13422333
0.25019407,2.0757728,9.11712
-0.06711166,-0.21518342,-0.10865697
1.0761937,2.067393,10.657789
-0.056459017,-0.22370553,-0.10759171
0.9576807,2.0817583,11.201273
-0.008522116,-0.12144015,-0.10972224
0.44891283,2.2266076,10.291476
0.051132694,0.008522116,-0.10865697
0.89184016,2.634819,8.900445
0.09054748,0.10333065,-0.08628642
1.3599066,2.7688942,6.7504516
0.10546118,0.13528858,-0.084155895
0.78290397,2.4301147,6.625953
0.07989483,0.015978966,-0.12250541
-0.21188685,2.006341,7.2544312
0.05965481,-0.112918034,-0.13848437
0.2645593,1.9440918,8.268375
0.049002163,-0.19387813,-0.10972224
1.3455414,2.6755204,9.566033
0.05006743,-0.18002969,-0.07882957
2.098518,3.2393548,9.975441
0.07989483,-0.10013486,-0.084155895
1.7753005,2.882619,9.330204
0.13102753,-0.024501082,-0.12676647
0.1352724,2.4265234,8.389283
0.16724652,0.013848438,-0.1587244
-0.16519992,2.7126305,7.597999
0.18322548,0.01917476,-0.12144015
1.3994108,3.0478187,6.823475
0.17896444,-0.03195793,-0.09161274
1.816002,3.4512417,7.7811556
0.15020229,-0.15233281,-0.11930962
0.8463503,3.5541923,9.938332
0.15126756,-0.24501082,-0.16085494
1.1097125,2.7497406,10.092757
0.19707392,-0.20240025,-0.16192019
1.79206,2.9101522,10.005369
0.22583607,-0.113983296,-0.13954964
1.9776106,4.083311,10.0664215
0.25992453,-0.022370555,-0.128897
1.9776106,4.083311,10.0664215
0.25992453,-0.022370555,-0.128897
2.124854,4.0306387,8.487445
0.3153183,0.034088463,-0.15339808
1.174356,3.6391866,7.1227503
0.33449304,0.014913702,-0.1949434
0.8463503,3.964798,6.9503675
0.30466563,-0.07137272,-0.17150758
1.0977415,4.045004,6.969521
0.29614353,-0.13635385,-0.1768339
2.171541,4.1132383,7.8039002
0.2876214,-0.16405073,-0.165116
1.151611,4.3646297,8.47308
0.28975195,-0.128897,-0.1949434
0.9900024,3.7062242,7.8865004
0.30786142,-0.07243799,-0.20026971
1.3180081,3.478775,7.097611
0.31638354,0.004261058,-0.1736381
0.06344634,4.370615,6.609194
0.30786142,0.012783174,-0.17044231
1.3227965,3.6643257,5.8813562
0.28975195,-0.07563378,-0.16298546
1.3024458,2.8215668,7.2221093
0.23861924,-0.20133498,-0.19281286
-1.1575965,3.1591492,10.303447
0.21731395,-0.28655612,-0.21198763
0.36391866,3.193865,10.8948145
0.27164245,-0.2428803,-0.13635385
0.36391866,3.193865,10.8948145
0.27164245,-0.2428803,-0.13635385
2.56419,4.0318356,10.250774
0.3121225,-0.09161274,-0.08841695
1.5705963,4.997896,10.19451
0.3153183,0.024501082,-0.13422333
1.4041992,3.369839,8.364143
0.34194988,0.07243799,-0.17044231
0.3866636,1.8100165,7.2951326
0.34940675,0.013848438,-0.19387813
-0.8343793,2.6396074,7.7488337
0.3355583,-0.07243799,-0.16618125
1.5478514,3.6296098,7.9906483
0.32810146,-0.1257012,-0.099069595
2.5007436,4.6351743,8.699332
0.3089267,-0.15978967,-0.12676647
2.086547,4.6375685,10.020931
0.30679616,-0.1587244,-0.18216023
1.2078748,3.0538042,9.033323
0.3387541,-0.06391586,-0.22903186
-0.7290344,2.846706,8.519767
0.3334278,0.001065265,-0.21944448
0.3196259,3.8043866,7.691373
0.314253,0.027696876,-0.14274544
2.3020248,4.3287168,6.853402
0.28655612,0.007456851,-0.1257012
0.9768343,3.74094,8.009802
0.23329292,-0.14168017,-0.2247708
-0.04070143,1.7848774,9.890448
0.21624869,-0.2609898,-0.25672874
-1.9273324,1.9201498,11.51611
0.24181503,-0.2396845,-0.21837921
-0.9983821,3.5685577,11.771092
0.2759035,-0.12357068,-0.11504856
2.4037786,4.9655743,9.563639
0.27696875,0.08522116,-0.03834952
1.3215994,5.3115363,8.36175
0.22583607,0.1736381,-0.111852765
-1.8183962,3.4213142,7.404069
0.18002969,0.053263225,-0.21411815
-0.9888053,1.2030864,7.017405
0.12783173,-0.099069595,-0.14274544
-1.0630256,1.0726024,8.615535
0.034088463,-0.24820662,-0.10759171
0.6775591,1.1444284,12.056003
-0.03089267,-0.35579833,-0.054328486
2.2290018,-0.7086837,13.705607
-0.012783174,-0.3121225,-0.08628642
-0.5793968,-2.541445,14.178462
0.04580637,-0.12357068,-0.13741912
-3.228581,-2.9340942,12.395979
0.11504856,0.08628642,-0.08948222
-0.9708488,-0.46088383,9.654618
0.1470065,0.20453078,0.080960095
1.3838485,3.1184478,7.2747817
0.10333065,0.14061491,0.11717909
2.5187001,4.390966,8.169016
-0.012783174,-0.128897,0.034088463
2.2385786,1.9201498,10.997766
-0.11824436,-0.38562572,-0.08841695
0.15801731,-0.51116204,14.381969
-0.15339808,-0.44208476,-0.12996227
0.15801731,-0.51116204,14.381969
-0.15339808,-0.44208476,-0.12996227
0.50637364,-0.6727707,16.188395
-0.10226539,-0.27696875,-0.034088463
3.690662,-0.11492168,13.933057
-0.008522116,0.041545313,0.06178534
3.4380736,0.748188,11.498154
0.037284255,0.25885928,0.01917476
0.25019407,0.7254431,8.449138
0.0628506,0.3270362,-0.051132694
-0.9828198,-0.25857377,5.9244523
0.04580637,0.19281286,-0.04261058
-0.8643068,0.56982,6.1399302
-0.03834952,-0.04474111,0.017044231
1.4915876,2.4588451,9.119514
-0.12783173,-0.27483824,0.07882957
3.0550013,3.3159695,12.11466
-0.15233281,-0.39521313,0.03834952
3.1663318,2.372654,14.407108
-0.113983296,-0.35579833,-0.027696876
2.3953989,1.0534488,14.522031
-0.04261058,-0.12463594,-0.05752428
1.7417817,1.2808979,12.143391
0.046871636,0.2130529,-0.014913702
1.8303672,2.554613,7.5692687
0.12037488,0.43675843,0.01917476
2.1440077,3.5781345,3.3794158
0.11930962,0.43036684,0.017044231
0.90381116,3.7481227,1.8842367
0.026631612,0.20240025,-0.054328486
-0.10175357,3.3614593,3.359065
-0.09267801,-0.08735169,-0.082025364
0.30166942,2.6755204,6.302736
-0.17470337,-0.34408042,-0.082025364
1.0989386,2.6132712,10.317812
-0.20559604,-0.47617322,-0.07137272
1.8962077,2.791639,13.356054
-0.17044231,-0.37603834,-0.060720075
1.6903064,2.4959552,13.41112
-0.07669904,-0.07669904,-0.06924219
0.80325466,1.8076223,10.375273
0.025566347,0.23755397,-0.07243799
0.23223756,1.6053122,6.5457473
0.083090626,0.38562572,-0.051132694
-1.2114661,2.4037786,3.9372647
0.0777643,0.31318775,-0.039414786
-1.1767502,3.0382419,3.122039
0.015978966,0.068176925,-0.02130529
0.997185,2.9747956,4.309563
-0.07669904,-0.20879184,0
1.1935096,3.2980127,8.848969
-0.15765914,-0.43888897,-0.034088463
1.055843,3.2585084,12.485762
-0.13315806,-0.44315,-0.043675844
2.5558102,2.3714569,12.2798605
-0.039414786,-0.20772657,-0.015978966
2.3307555,3.2249897,11.195287
0.025566347,0.083090626,0.006391587
1.8327614,4.0653543,8.416816
0.07882957,0.28442562,0.012783174
1.9716251,3.7253778,5.2002063
0.09267801,0.28549087,-0.010652645
1.282095,3.9240966,4.000711
0.03834952,0.12676647,-0.027696876
0.9600749,4.6375685,5.693412
-0.049002163,-0.10333065,-0.03195793
2.3714569,4.355053,7.6267295
-0.10333065,-0.23009712,-0.029827405
3.453636,3.3147724,9.801862
-0.12463594,-0.2727077,-0.05965481
1.7046716,2.9735985,12.617443
-0.099069595,-0.22583607,-0.10226539
1.1587936,2.2900538,12.146982
-0.003195793,-0.015978966,-0.084155895
1.9692309,1.863886,9.179369
0.07137272,0.22370553,-0.051132694
1.0761937,3.1148565,7.4148426
0.084155895,0.314253,-0.04261058
0.15682021,4.0821137,5.543774
0.09267801,0.25353295,-0.0479369
0.5351041,3.6966474,4.1683054
0.058589544,0.06498113,-0.06391586
0.01316811,3.9516299,6.301539
-0.043675844,-0.18002969,-0.083090626
0.39863458,4.2173862,10.096349
-0.098004326,-0.30786142,-0.06924219
1.5658079,3.3650506,11.35091
-0.06391586,-0.24714136,-0.06711166
1.2449849,3.0873232,11.8896055
-0.014913702,-0.099069595,-0.07669904
0.34835634,3.204639,10.496181
0.049002163,0.14168017,-0.05965481
-0.089782566,2.565387,7.3059063
0.08841695,0.28549087,-0.056459017
-0.5566519,2.4193408,5.3127337
0.06178534,0.21518342,-0.046871636
-1.0163386,3.2441432,5.9124813
0,0,-0.029827405
-0.5626374,3.5769374,7.4208283
-0.05752428,-0.20985709,-0.020240024
0.8655039,3.4344823,10.539276
-0.1107875,-0.34514567,-0.01917476
1.3623008,3.4560301,13.2351465
-0.101200126,-0.2759035,-0.024501082
1.1384429,2.8514943,13.026852
-0.02876214,-0.1107875,-0.043675844
1.3263878,2.3139958,11.860875
0.029827405,0.013848438,-0.039414786
1.661576,2.0410569,10.242394
0.05219796,0.12463594,-0.034088463
0.62728083,1.9249382,9.085996
0.056459017,0.15126756,-0.053263225
-0.59017074,2.0626047,8.327033
0.06498113,0.08735169,-0.053263225
-0.59017074,2.0626047,8.327033
0.06498113,0.08735169,-0.053263225
0.12210429,2.1092918,7.1826053
0.058589544,0.011717909,-0.022370555
0.60333884,2.89459,8.000225
0.006391587,-0.084155895,-0.017044231
0.8295909,3.2752678,9.313444
-0.03089267,-0.15659387,-0.027696876
1.5705963,2.6862943,10.736797
-0.037284255,-0.22690132,-0.05006743
1.3623008,2.1392193,11.662156
-0.022370555,-0.18642128,-0.06178534
0.7541735,1.6831238,11.943475
0,-0.08841695,-0.068176925
0.7541735,1.6831238,11.943475
0,-0.08841695,-0.068176925
1.3958195,1.5239093,10.9426985
0.040480047,0.056459017,-0.027696876
1.1336545,2.0626047,9.147048
0.07350325,0.14274544,-0.027696876
0.10414778,2.791639,7.313089
0.07669904,0.14594123,-0.02876214
0.5255273,2.610877,6.3745623
0.034088463,0.046871636,-0.03089267
0.48123455,2.315193,6.862979
-0.035153728,-0.0777643,-0.040480047
-0.059855044,1.6759412,8.828619
-0.08948222,-0.23222765,-0.060720075
0.4261679,1.0510546,11.20247
-0.096939065,-0.30999196,-0.04474111
1.1133038,0.94810385,12.192472
-0.060720075,-0.20559604,-0.017044231
1.1013328,1.0486604,11.676521
-0.00958738,-0.024501082,-0.013848438
0.94690675,1.3706805,10.479421
0.039414786,0.10865697,-0.003195793
-0.07062895,1.8076223,7.884106
0.082025364,0.18855181,-0.007456851
-0.22505496,1.6998832,6.14831
0.068176925,0.112918034,-0.010652645
0.35553896,1.99437,6.1076083
0.005326322,-0.026631612,0.005326322
0.44771573,2.861071,8.021772
-0.049002163,-0.17789917,0.004261058
0.60094464,2.504335,9.015367
-0.054328486,-0.24820662,-0.02130529
1.6065093,1.8962077,10.20289
-0.056459017,-0.22583607,-0.008522116
1.2425907,2.385822,11.146206
-0.041545313,-0.10439592,-0.006391587
0.90021986,2.4744074,10.151415
0.014913702,0.034088463,-0.011717909
1.7836803,1.9644425,7.45315
0.0479369,0.11504856,0.001065265
0.961272,2.4516625,7.2723875
0.013848438,0.068176925,-0.00958738
-0.6619968,2.7928362,7.478289
-0.005326322,-0.012783174,-0.03195793
0.61530983,1.8914193,6.719327
-0.00958738,-0.07243799,-0.001065265
1.1755531,1.8662802,7.988254
-0.053263225,-0.15659387,0.003195793
0.14724341,3.0131028,10.3226
-0.06391586,-0.19068234,0.002130529
1.6424223,2.0817583,9.655815
-0.012783174,-0.13741912,0.004261058
1.8076223,1.7753005,9.94312
0.001065265,-0.08628642,-0.001065265
-0.32561144,3.0621839,10.573992
0.023435818,0,0
0.7218518,2.9987376,8.3629465
0.0777643,0.08841695,0.033023197
2.0913353,3.2800562,6.0740895
0.07243799,0.12996227,0.056459017
0.7493851,4.3646297,6.600814
0.013848438,0.0479369,0.02130529
0.7493851,4.3646297,6.600814
0.013848438,0.0479369,0.02130529
0.19273324,3.7792473,6.685808
-0.007456851,-0.06178534,-0.005326322
0.9636662,3.1435869,9.829395
-0.09161274,-0.2428803,0.020240024
1.1085154,3.6212301,11.416751
-0.07243799,-0.18855181,0.022370555
2.4827871,2.6731262,10.565612
-0.013848438,-0.054328486,0.02130529
1.5526398,2.3080103,10.028113
0.011717909,0.066046394,0.003195793
-0.46806642,2.540248,8.799889
0.036218993,0.14807177,0
0.36511576,2.5701754,7.1155677
0.05219796,0.112918034,0.040480047
1.2366052,3.1387985,6.7480574
0.011717909,0.002130529,0.04261058
1.0833763,3.489549,8.487445
-0.04261058,-0.12676647,0.017044231
1.1444284,2.409764,9.837775
-0.049002163,-0.2066613,-0.011717909
0.7062895,1.8555063,11.368867
-0.033023197,-0.2034655,-0.012783174
0.37229836,2.790442,11.668142
0.008522116,-0.056459017,0.024501082
0.70509243,3.2920272,6.8653736
0.020240024,0.15765914,0.051132694
0.6955156,3.4284968,6.63553
-0.112918034,0.18961707,0.058589544
0.8690952,3.1794999,8.218098
-0.13102753,0.011717909,0.036218993
-0.4213795,3.1902738,7.043741
-0.023435818,-0.26418558,-0.004261058
0.60453594,2.6192567,7.5788455
-0.07563378,-0.3291667,0.01917476
1.5035586,2.5378537,11.965023
-0.19068234,-0.20240025,0.041545313
0.50876784,3.0933087,13.108254
-0.082025364,-0.09374327,0.027696876
1.3575124,2.219425,9.950302
0.07989483,-0.066046394,0.025566347
0.6560113,2.1787236,9.165004
0.058589544,0.034088463,0.023435818
-0.60214174,2.719813,10.44231
0.00958738,0.10972224,0.025566347
0.7374141,2.3678656,9.161413
0.07456851,0.07989483,0.05539375
1.1073183,2.6013002,8.407239
0.11824436,-0.024501082,0.0479369
0.18794483,3.2094274,9.121908
0.08948222,-0.040480047,0.034088463
1.2988545,2.1511903,9.615114
0.05539375,-0.04261058,0.035153728
0.89662856,1.9632454,10.289082
0.05006743,-0.05965481,0.02876214
-0.08259996,3.0813377,10.426748
0.07563378,-0.03089267,0.051132694
1.9177556,3.0585926,8.470686
0.083090626,0.056459017,0.08628642
2.657564,2.7150247,7.667431
0.025566347,0.101200126,0.0628506
0.30166942,3.0573955,8.444349
-0.004261058,0.07456851,0.017044231
0.20590134,1.7310078,6.921637
0.029827405,0.022370555,0.01917476
1.1013328,0.7661445,6.3458314
0.008522116,-0.068176925,0.03195793
0.8511387,2.006341,8.374918
-0.05219796,-0.112918034,0.05965481
1.1563994,2.5486276,9.563639
-0.053263225,-0.1555286,0.04580637
1.9009962,2.0147207,10.109517
-0.023435818,-0.17896444,0.023435818
